id,item_type,title,creators,first_name,last_name,collection,ean_isbn13,upc_isbn10,description,publisher,publish_date,group,tags,notes,price,length,number_of_discs,number_of_players,age_group,ensemble,aspect_ratio,esrb,rating,review,review_date,status,began,completed,added,copies
3jdm27arjt,book,"The Island of the Skog (Picture Puffin Books)","Steven Kellogg",Steven,Kellogg,"Isabel EN",9780140546491,0140546499,"Shout it once! Shout it twice!Friends forever! Skog and mice!Since its publication in 1973, The Island of the Skog has been a favorite of children everywhere-and of the author himself! We're delighted to remind you of this beloved book on its thirtieth birthday. Jenny and her city-mouse friends take to the seas in search of a more peaceful place to live. But when they arrive at what first seems the island of their dreams, they have a giant problem to contend with: the island's only inhabitant, the Skog. Judging by his enormous footprints, he seems a more terrible threat than a hundred urban cats and dogs. How will the mice master their new domain? Funny, exciting and sweet, The Island of the Skog is a timeless tale of cooperation and compromise. It won the Michigan State Young Readers Award, and was included on Booklist's Books for Every Child and the CBC Books for Peace list.",Puffin,1993-01-28,,,,,32,,,,,,,,,,,,,2026-10-04,1
i5ywmclqmn,book,"Illustrated Fables of La Fontaine","Jean de La Fontaine, Jan Kaspar, Zdenka Krejcova",Jean,Fontaine,"Isabel EN",9781857781540,1857781546,,"Sunburst Books",1995-05-26,,,,,96,,,,,,,,,,,,,2026-10-04,1
byo40bcho1,book,"Chicka Chicka Boom Boom","Bill Martin, John Archambault, Lois Ehlert (Illustrator)",Bill,Martin,"Isabel EN",9781442450707,1442450703,"The complete edition of the bestselling children's favorite, Chicka Chicka Boom Boom, is now available as a Classic Board Book! A told B and B told C,""I'll meet you at the topof the coconut tree.""     When all the letters of the alphabet race one another up the coconut tree, will there be enough room? Of course there is always enough room for this rollicking alphabet chant that has been a children's favorite for more than twenty years! Bill Martin Jr and John Archambault's rhythmic text keeps the beat with Caldecott Honor illustrator Lois Ehlert's bold, cheerful art. This winning combination has created a series of enduring Chicka Chicka favorites, and now, for the first time ever, the complete edition of the original Chicka Chicka Boom Boom story is available as a Classic Board Book. With sturdy pages and rounded corners, this portable edition of an irresistible alphabet romp will delight a new generation of young readers.","Little Simon",2012-08-28,,,,,36,,,,,,,,,,,,,2026-10-04,1
k73ipfyslx,book,"Busy, Busy Town","Richard Scarry (Illustrator)",Richard,(Illustrator),"Isabel EN",9780307168030,0307168034,"""Huckle, Lowly, and the gang march off TV's popular Busytown Mysteries and fill this enchanting book with all the goings-on of the busiest town ever. There's no one like Richard Scarry for engaging a young reader. With oversized pages loaded with detail, every spread tells a simple story and provides lots to look at. The Fixer-uppers, go about their work plastering, painting, and papering while the plumber downstairs hurries to stop a leaky pipe. While at the airport, passengers board planes, fuel tanks are filled, and air traffic controllers tell pilots when to take off and when to land. For almost every ""why,"" ""what,"" and ""how"" a child asks, the answer can almost surely be found in a Richard Scarry book. Rebranded to make for a cohesive and shelf-friendly package, this clean new exterior contains all of the original interior.""","Random House Children's Books",2000-08-15,,,,,48,,,,,,,,,,,,,2026-10-04,1
htqvib19kq,book,"Brave Charlotte","Anu Stohner, Alyson Cole",Anu,Stohner,"Isabel EN",9781582346908,1582346909,"A headstrong sheep rescues the flock when their shepherd is injured.","Bloomsbury Publishing USA",2005-10-01,,,,,32,,,,,,,,,,,,,2026-10-04,1
72j5w3hd6e,book,"The Nutcracker","Jessica Courtney-Tickle",Jessica,Courtney-Tickle,"Isabel EN",9781786030689,1786030683,"Follow Clara on a magical Christmas adventure in this retelling of the classic ballet story. Watch the Nutcracker battle the Mouse King, meet the Sugar Plum Fairy and journey to the Land of Sweets, where wonder and excitement await... Including music from: 'The Dance of the Reed Flutes', 'The Waltz of Flowers' and 'The Dance of the Sugar Plum Fairy'.","Quarto Publishing Group UK",2017-10-05,,,,,24,,,,,,,,,,,,,2026-10-04,1
oa2m9s0an7,book,"A Child's Treasury of Nursery Rhymes","Kady MacDonald Denton",Kady,Denton,"Isabel EN",9780753474907,0753474905,"This delightfully illustrated book contains more than seventy-five of the best-loved rhymes and songs of childhood, from soothing lullabies to schoolyard chants. Popular classics such as ""Pat a Cake,"" ""Humpty Dumpty,"" and ""Jack and Jill"" are joined by lesser-known rhymes and ditties from many different cultures. Kady MacDonald Denton's illustrations add liveliness and humor. Together, parents and children will enjoy sharing A Child's Treasury of Nursery Rhymes. 75 songs are available to download.",Kingfisher,2018-10-09,,,,,96,,,,,,,,,,,,,2026-10-04,1
fo761le5yp,book,"We Are Definitely Human","X. Fang",X.,Fang,"Isabel EN",9781782695172,1782695176,"A riotously funny new picture book from the author of Dim Sum Palace 'An author-illustrator with a singular and witty vision' New York Times 'Quite beautiful... Laugh-out-loud lovely' Booklist, starred review 'Impeccable comedic timing and deadpan humor... DEFINITELY a good book' Kirkus, starred review When three mysterious visitors show up in Mr. Li's field in the middle of the night, he does what any kind human would do - he invites them back to his farmhouse and offers to help fix their... car. No, there's nothing strange about these guests at all. They're just like other humans. They make business. They play sportsball. And they wear hat. Yes, they are DEFINITELY human... or are they?","Pushkin Press, Limited",2025-03-01,,,,,48,,,,,,,,,,,,,2026-10-04,1
dn9a88u84s,book,"Fox in a Box","Eva Klassen, Leanne Thiessen (Illustrator)",Eva,Klassen,"Isabel EN",9781999244804,199924480X,,"Big Mind Books",2019-11-06,,,,,40,,,,,,,,,,,,,2026-10-04,1
qfkzrqwe4z,book,"In The Night Kitchen","Maurice Sendak",Maurice,Sendak,"Isabel EN",9780099417477,0099417472,"Title: In the Night Kitchen Binding: Paperback Author: Maurice Sendak Publisher: RED FOX BOOKS","Red Fox",2001-07-05,,,,,40,,,,,,,,,,,,,2026-10-04,1
0pt38pdcun,book,"The Knight Who Said ""No!"" (Nosy Crow Ltd)","Lucy Rowland, Kate Hindley",Lucy,Rowland,"Isabel EN",9781807080129,1807080129,"The perfect picture book for children who have discovered the power of the word """"NO""""!Praise for The Knight Who Said “No!”:“Very funny, wry observations of children’s behaviour” – The BooksellerNed the knight ALWAYS does exactly what he's told. When his parents ask him to pick up his toys, dig up the cabbages or go to bed on time, he does it all with a smile. And when the dragon swoops into town every night, he always runs inside just as he's asked. But one morning, instead of saying, """"yes"""", he says, """"NO!""""; He will NOT help his dad find his shield, his arrow or his bow, and he will certainly NOT let the butcher go past. That night, he refuses to go inside, and in doing so he confronts the dragon, making a very unlikely friend . . .Lucy Rowland is a children's speech and language therapist and has written many picture books including the highly successful Little Red Reading Hood. Kate Hindley is an award-winning illustrator who was nominated for the Carnegie Medal for her work on Who Ate Steve?.This rambunctious, rhyming picture book is a brilliantly observed portrait of children's behaviour, with vibrant, detailed illustrations. Children and adults alike will fall in love with little knight Ned and the very cute but lonely dragon he befriends.Includes a FREE Nosy Crow Stories Aloud® audiobook! Scan the code, hear the story.","Nosy Crow Ltd",2026-07-02,,,,,32,,,,,,,,,,,,,2026-10-04,1
weysjwisd2,book,"The Magic Boat","Katherine Farris, Kit Pearson, Gabrielle Grimard",Katherine,Farris,"Isabel EN",9781459814325,1459814320,"Every summer morning, Ellie and her Nonna go to the beach. They swim and build sandcastles, and while Nonna reads, Ellie watches the other children play.One day Ellie builds up the courage to approach an older girl playing on her own in a beached rowboat. Piper has a gift, an imagination so great that she whisks Ellie off on grand adventures, going high in the air, deep below the ocean and everywhere in between in their little blue boat, their magic boat. When Piper has to leave, Ellie discovers she has her own vivid imagination.Available in French as Le bateau magique.","Orca Book Publishers",2019-03-19,,,,,32,,,,,,,,,,,,,2026-10-04,1
6m5b9d8dtk,book,"The Polar Express","Chris Van Allsburg",Chris,Allsburg,"Isabel EN",9781783443338,1783443332,"Late on Christmas Eve a boy boards a mysterious train that waits for him: the Polar Express, bound for the North Pole. When he arrives there, Santa offers him any gift he desires. The boy modestly asks for one bell from the reindeer's harness. It turns out to be a very special gift, for only believers in Santa can hear it ring.","Andersen Press",2015-10-01,,,,,32,,,,,,,,,,,,,2026-10-04,1
4lmwnikbx7,book,"The Runaway Bunny","Margaret Wise Brown",Margaret,Brown,"Isabel EN",9780064430180,0064430189,"The runaway bunny, first published in 1942 and never out of print, has indeed become a classic. Two generations of readers have fallen in love with the gentle magic of its reassuring words and loving pictures. It is here published in a new edition for which the artist has redrawn some of his pictures; they are wholly in keeping with the softy poetic timeless spirit of his famous originals.","Picture Lions",1977-10-01,,,,,32,,,,,,,,,,,,,2026-10-04,1
oa2m8k0an7,book,"Out and About: A First Book of Poems","Shirley Hughes",Shirley,Hughes,"Isabel EN",9781406372427,1406372420,,"Walker Books",2016-10-06,,,,,56,,,,,,,,,,,,,2026-10-04,1
pwbjaeno7w,book,Elmer,"David McKee",David,McKee,"Isabel EN",9781842707319,1842707310,"Elmer has been a nursery favourite since this first book was published in 1989. A modern classic, this picture book continues to be the strongest seller of the whole series. The subtle message in Elmer is that it is OK to be different, and combined with the vibrant colour and cheeky humour of the main character, this large format edition is a celebration of its continued popularity.","Andersen Press",2007-09-06,,,,,32,,,,,,,,,,,,,2026-10-04,1
lvxei37b9o,book,"The Invisible String","Patrice Karst, Joanne Lew-Vriethoff (Illustrator)",Patrice,Karst,"Isabel EN",9780316486231,031648623X,"With 400,000 copies sold, this accessible, bestselling picture book phenomenon about the unbreakable connections between loved ones has healed a generation of readers--children and adults alike--and has been updated with new illustrations and an afterword from the author. Now available in paperback for the first time! Parents, educators, therapists, and social workers alike have declared The Invisible String the perfect tool for coping with all kinds of separation anxiety, loss, and grief. In this relatable and reassuring contemporary classic, a mother tells her two children that they're all connected by an invisible string. ""That's impossible!"" the children insist, but still they want to know more: ""What kind of string?"" The answer is the simple truth that binds us all: An Invisible String made of love. Even though you can't see it with your eyes, you can feel it deep in your heart, and know that you are always connected to the ones you love. Does everybody have an Invisible String? How far does it reach? Does it ever go away? This heartwarming picture book for all ages explores questions about the intangible yet unbreakable connections between us, and opens up deeper conversations about love. Recommended and adopted by parenting blogs, bereavement support groups, hospice centers, foster care and social service agencies, military library services, church groups, and educators, The Invisible String offers a very simple approach to overcoming loneliness, separation, or loss with an imaginative twist that children easily understand and embrace, and delivers a particularly compelling message in today's uncertain times. This special paperback edition includes includes vibrant new illustrations and an introduction from the author. ""This book is a beautiful way to begin to try, as parents, to instill in children the impenetrable power of the heart, the energy of love, and the flow that can be felt from the grace in every moment."" --Tony Robbins","Little, Brown Books for Young Readers",2018-12-01,,,,,40,,,,,,,,,,,,,2026-10-04,1
u46pd5gnz0,book,"Freddie and the Fairy","Julia Donaldson",Julia,Donaldson,"Isabel EN",9781529042528,1529042526,"A sweet and funny rhyming story with a gentle empathetic message.","Macmillan Children's Books",2021-01-07,,,,,32,,,,,,,,,,,,,2026-10-04,1
aqgx3dpszh,book,"Little Chick (Picture Flats)","Igloo Books",Igloo,Books,"Isabel EN",9781839030727,1839030720,,"Autumn Publishing",2020-11-21,,,,,24,,,,,,,,,,,,,2026-10-04,1
83vm0xohqc,book,"Paddle to Sea (Sandpiper Books)","C.Holling Holling",C.Holling,Holling,"Isabel EN",9780395292037,0395292034,"A toy Indian and his canoe travel from Lake Nipigon to the Atlantic Ocean.","Houghton Mifflin Juvenile Books",1984-07-26,,,,,64,,,,,,,,,,,,,2026-10-04,1
72jv14hd6e,book,"A Visitor for Bear (Bear and Mouse)","Bonny Becker, Kady MacDonald Denton",Bonny,Becker,"Isabel EN",9780763646110,0763646113,"""A Visitor for Bear has the feel of a classic, and it's so cozy no parent could object to reading it aloud every night."" --The New York Times Book Review (starred review)Bear is quite sure he doesn't like visitors. He even has a sign. So when a mouse taps on his door one day, Bear tells him to leave. But the mouse -- who keeps popping up in the most unexpected places -- just won't go away! Cheery persistence wears down the curmudgeonly Bear in a wry comedy of manners that ends in a most unlikely friendship.","Candlewick Press (MA)",2012-08-14,,,,,56,,,,,,,,,,,,,2026-10-04,1
e0hov15u2g,book,"The Tiger Who Came to Tea","Judith Kerr",Judith,Kerr,"Isabel EN",9780007215997,0007215991,"This classic story of Sophie and her extraordinary tea-time guest has been loved by millions of children since it was first published exactly 40 years ago. Now a new generation will enjoy this beautiful edition.",HarperCollinsChildren'sBooks,2006-02-06,,,,,32,,,,,,,,,,,,,2026-10-04,1
gk84cubt4z,book,"The Snowman","Raymond Briggs",Raymond,Briggs,"Isabel EN",9780723275534,072327553X,"This wonderful wordless picture book is, incredibly, now 20 years old! To celebrate  publishers Hamish Hamilton have issued this superb edition complete with a silver embossed  dust jacket to enhance the beauty and magic of Raymond Briggs' unforgettable classic.  This story of a young boy's delight in the snow, the snowman he builds and their magical  adventure is a delight to share with all children. Narrated entirely through pictures, it captures the  innocence and wonder of childhood with its soft, dreamlike illustrations and has become an  intrinsic part of Christmas.",Puffin,2013-09-05,,,,,32,,,,,,,,,,,,,2026-10-04,1
dn9pbgu84s,book,Madeline,"Ludwig Bemelmans",Ludwig,Bemelmans,"Isabel EN",9781407110530,1407110535,Madeline,Scholastic,2009-01-05,,,,,48,,,,,,,,,,,,,2026-10-04,1
byok3ncho1,book,"Mog the Forgetful Cat","Judith Kerr",Judith,Kerr,"Isabel EN",9780007171347,000717134X,"Mog the Forgetful Cat: Complete & Unabridged READ BY GERALDINE MCEWAN. Once there was a cat called Mog and she lived with a family called Thomas. Mog was nice but not very clever, and she forgot a lot of things... Full description",HarperCollinsChildren'sBooks,2005-02-07,,,,,40,,,,,,,,,,,,,2026-10-04,1
4lmirhkbx7,book,"The Truth about Max","Alice Provensen, Martin Provensen",Alice,Provensen,"Isabel EN",9781592703753,1592703755,"A never-before-published original work from renowned children's book duo Alice and Martin Provensen, which invites into the mystery that is Max the cat!A Publishers Weekly 2023 Summer Read, with starred reviews from Kirkus and PW!In this picture book from the Provensens’ archives, the unforgettable Max, who appears in many of the Provensens' picture books, takes center stage. Wherever Max goes, mischief is sure to follow! He spends his days teasing, playing hide-and-seek, and prowling the barnyard. He’s also keenly intelligent and independent, with his own private life that begins at night. An affectionate portrait of a pet who’s both friend and hunter, from a luminary author-illustrator pair of American children’s literature.Taking inspiration from their own life at Maple Hill Farm in Dutchess County, New York, great American illustrators Alice and Martin Provensen shared the changing seasons that give rhythm to life in the country in A Year at Maple Hill Farm and the lovable antics of their barnyard animals in Our Animal Friends at Maple Hill Farm. This picture book will include backmatter from Karen Provensen, with more information of Max, the real-life cat who lived on Maple Hill Farm, and her parents' lasting legacy.","Enchanted Lion Books",2023-10-05,,,,,40,,,,,,,,,,,,,2026-10-04,1
oa23ux0an7,book,"The Patchwork Cat (Red Fox picture books)","Nicola Bayley",Nicola,Bayley,"Isabel EN",9780099983200,0099983206,,"Red Fox",1993-05-20,,,,,32,,,,,,,,,,,,,2026-10-04,1
aqgj4bpszh,book,"Mr Gumpy's Outing","John Burningham",John,Burningham,"Isabel EN",9780099408796,0099408791,"Mr Gumpy's Outing","Red Fox",2001-06-01,,,,,32,,,,,,,,,,,,,2026-10-04,1
nicwxd41pe,book,"Whiskers and Rhymes","Arnold Lobel",Arnold,Lobel,"Isabel EN",9780688038359,0688038352,"A collection of short humorous poems in the nursery rhyme tradition","Lothrop Lee & Shepard",1985-09-01,,,,,,,,,,,,,,,,,,2026-10-04,1
js4zh4qlqi,book,"Shh! We Have a Plan","Chris Haughton",Chris,Haughton,"Isabel EN",9781406360035,1406360031,"Shh! We Have a Plan","Walker Books",2015-04-02,,,,,40,,,,,,,,,,,,,2026-10-04,1
i5resjlqmn,book,"Luna Loves Sport","Joseph Coelho OBE, Fiona Lumbers",Joseph,OBE,"Isabel EN",9781839136535,1839136537,"By award-winning Children's Laureate Joseph Coelho, the sixth book in the Luna Loves... series celebrates the wonderful world of sport.With her lucky trainers, headband, and water bottle, Luna is ready for her school sports day. Luna doesn’t think she’s very good at sports, but she decides to give everything a go. From football and basketball to swimming and hurdles, Luna and her friend Abiola discover that you don’t need to be the best to enjoy trying new sports . . . can they overcome their doubts together, and even have fun along the way?Other books in the Luna Loves... series:Luna Loves Library DayLuna Loves ArtLuna Loves DanceLuna Loves ChristmasLuna Loves GardeningLuna Loves Books board book","Andersen Press",2026-05-07,,,,,32,,,,,,,,,,,,,2026-10-04,1
vuzd0t26qu,book,"A House is a House for Me","Mary Ann Hoberman",Mary,Hoberman,"Isabel EN",9780142407738,0142407739,"Rhymes describe various types of animal dwellings and storage places from ant hills to chicken coops to pickle barrels to pockets for pennies.",Penguin,2007-01-01,,,,,48,,,,,,,,,,,,,2026-10-04,1
6m5cbu8dtk,book,"Oi Frog","Kes Gray, Jim Field",Kes,Gray,"Isabel EN",9781444910865,1444910868,,"Hodder Children's Books",2015-02-05,,,,,32,,,,,,,,,,,,,2026-10-04,1
qfkszfwe4z,book,"Each Peach Pear Plum (Picture Puffin)","Janet Ahlberg, Allan Ahlberg",Janet,Ahlberg,"Isabel EN",9780140506396,014050639X,"Paperback. Pub Date: August. 1986 Pages: 32 Publisher: Penguin And AS the story unfolds. Very young children CAN spy familiar Nursery Characters hiding in The colorful Pictures photo View all 1 picture Thumb of There's Tom Jack and Jill.. And the Three Bears. AS of Well as Baby Bunting and a host of others. A marvellously entertaining romp for the youngest reader.","Penguin Books Ltd",1986-08-28,,,,,32,,,,,,,,,,,,,2026-10-04,1
xzn1h5jps8,book,"The Owl And The Pussycat","Ian Beck",Ian,Beck,"Isabel EN",9780552528191,0552528196,"A new edition of Edward Lear's rhyme, illustrated by award-winning artist Ian Beck.","Corgi Childrens",1996-10-03,,,,,32,,,,,,,,,,,,,2026-10-04,1
mxdryz31ht,book,"Blueberries for Sal (Picture Puffin)","Robert McCloskey",Robert,McCloskey,"Isabel EN",9780140501698,014050169X,"""Caldecott Honor Book"" What happens when Sal and her mother meet a mother bear and her cub? A beloved classic is born! ""Kuplink, kuplank, kuplunk!"" Sal and her mother a picking blueberries to can for the winter. But when Sal wanders to the other side of Blueberry Hill, she discovers a mama bear preparing for her own long winter. Meanwhile Sal's mother is being followed by a small bear with a big appetite for berries! Will each mother go home with the right little one? With its expressive line drawings and charming story, ""Blueberries for Sal"" has won readers' hearts since its first publication in 1948. ""The adventures of a little girl and a baby bear while hunting for blueberries with their mothers one bright summer day. All the color and flavor of the sea and pine-covered Maine countryside."" ""-School Library Journal,"" starred review.","Penguin Books Australia",1976-09-30,,,,,59,,,,,,,,,,,,,2026-10-04,1
cr0ykfmmko,book,"A Birthday for Frances","Russell Hoban, Lillian Hoban (Illustrator)",Russell,Hoban,"Isabel EN",9780064430074,0064430073,"s her little sister Gloria's birthday approaches, Frances wavers between being generous'and being jealous. '[Frances] is every youngster who chafes at being the un-birthday child.","HarperCollins Publishers",1994-10-26,,,,,32,,,,,,,,,,,,,2026-10-04,1
pwbqj8no7w,book,"I Need a Hug","Aaron Blabey (Illustrator)",Aaron,(Illustrator),"Isabel EN",9781407171586,1407171585,"'I need a hug. Will you cuddle me, Lou?' 'What? With those spikes? Get away from me! Shoo!' All the little porcupine wants is a hug. But with such prickly spikes, will she ever get the cuddle she craves? A truly adorable tale from the award-winning creator of PIG THE PUG and THELMA THE UNICORN.",Scholastic,2015-12-01,,,,,24,,,,,,,,,,,,,2026-10-04,1
nicwqg41pe,book,"The Disgusting Sandwich","Gareth Edwards",Gareth,Edwards,"Isabel EN",9781407131450,1407131451,,"Alison Green Books",2013-03-04,,,,,32,,,,,,,,,,,,,2026-10-04,1
i5refqlqmn,book,"The Baby's Catalogue (Picture Puffin)","Allan Ahlberg, Janet Ahlberg",Allan,Ahlberg,"Isabel EN",9780140503852,0140503854,"Baby's Catalogue",Puffin,1984-09-27,,,,,32,,,,,,,,,,,,,2026-10-04,1
6m5ccg8dtk,book,"Red Is Best (Annikin)","Kathy Stinson, Robin Baird Lewis",Kathy,Stinson,"Isabel EN",9781554510511,1554510511,"Top 32 Canadian Books for Children, Canadian Children’s Book Centre 100 Best Canadian Kids’ Books, Today’s Parent Magazine“Red is Best gets it right. This is a true children’s classic.” —Ken Setterington, author, storyteller, Children and Youth Advocate for the Toronto Public Library“Delightful.” —School Library JournalYoung Kelly’s mom doesn’t understand about red. Sure, the brown mittens are warmer, but the red mitts make better snowballs. And the red boots aren’t just for rain; they take bigger steps in any weather. And, yes! a green cup does make a difference … juice tastes better in the red cup. No doubt about it, red is best.Kathy Stinson’s classic tale of one toddler’s obstinate color preference has been charming readers for 25 years now. With over 275,000 copies in print, Red is Best has steadily marched its way to become a children’s book classic. Now a new generation of readers can discover Stinson’s insistent young heroine, aptly captured in the simple drawings by Robin Baird Lewis, each punctuated by the right dazzle of red.With its plucky charm presented in a redesigned interior, and a special cover commemorating the book’s 25th anniversary, the re-release of Red is Best is sure to be a red-letter day.","Annick Press",2006-09-25,,,,,32,,,,,,,,,,,,,2026-10-04,1
weyffeisd2,book,"The Snowy Day (Picture Puffin)","Ezra Jack Keats",Ezra,Keats,"Isabel EN",9780140501827,0140501827,"The Snowy Day a 1963 Caldecott Medal winner is the simple tale of a boy waking up to discover that snow has fallen during the night. Keats s illustrations using cut-outs watercolors and collage are strikingly beautiful in their understated color and composition. The tranquil story mirrors the calm presence of the paintings and both exude the silence of a freshly snow-covered landscape. The little boy celebrates the snow-draped city with a day of humble adventures--experimenting with footprints knocking snow from a tree creating snow angels and trying to save a snowball for the next day. Awakening to a winter wonderland is an ageless ever-magical experience and one made nearly visceral by Keats s gentle tribute. \n\nThe book is notable not only for its lovely artwork and tone but also for its importance as a trailblazer. According to Horn Book magazine The Snowy Day was the very first full-color picture book to feature a small black hero--yet another reason to add this classic to your shelves. It s as unique and special as a snowflake. \n\n\n","Puffin Books",,,,,,32,,,,,,,,,,,,,2026-10-04,1
6m5ccp8dtk,book,"Who Sank the Boat? (Picture Puffin)","Pamela Allen",Pamela,Allen,"Isabel EN",9780140509403,0140509402,"No Who Sank the Boat? Read a customer review or write one .",Puffin,1988-11-24,,,,,32,,,,,,,,,,,,,2026-10-04,1
xzn11vjps8,book,"Little Bee's Book of Blooms: 15 (The Big Book series)","Yuval Zommer",Yuval,Zommer,"Isabel EN",9780500653746,0500653747,"Follow Little Bee as she buzzes from garden to greenhouse to desert, visiting all sorts of different blooms, each one as beautiful and fascinating as the next. Little Bee leaves her hive and flies out to discover the many beautiful and strange plants and flowers that bring colour to the world. Buzz by dazzling tulips and floating water lilies but watch out for the snapping Venus flytraps! Packed with bright illustrations and creative wordplay, this chunky board book is designed to instil a love of nature from an early age, great for reading aloud yet perfect for bedtime, finishing with a peaceful night-time scene. Produced in a distinctive upright format, and written by an expert baby book writer, using sound effects and simple phrases to engage babies with the pictures on the page, this range of board books has broad appeal to both Yuval Zommer fans and design-conscious gift-givers alike.","Thames and Hudson Ltd",2025-02-27,,,,,24,,,,,,,,,,,,,2026-10-04,1
r1phhtxoz7,book,"Lost and Found","Oliver Jeffers",Oliver,Jeffers,"Isabel EN",9780007549238,0007549237,,HarperCollinsChildren'sBooks,2014-01-02,,,,,32,,,,,,,,,,,,,2026-10-04,1
nicwwb41pe,book,"Frog is Frightened","Max Velthuijs",Max,Velthuijs,"Isabel EN",9780862645175,0862645174,"One night Frog imagines he hears a frightening noise. He is so scared he runs over to Duck's house and Duck tells hime there is nothing to worry about. As they settle down to sleep they both imagine they hear a frightening noise and they run over to Pig's house where they all cuddle together.","Andersen Press Ltd",1994-09-15,,,,,32,,,,,,,,,,,,,2026-10-04,1
72jvvqhd6e,book,"The Poky Little Puppy (Little Golden Book)","Janette Sebring Lowrey",Janette,Lowrey,"Isabel EN",9780307021342,0307021343,,"Golden Books Publishing Co",2010-04-20,,,,,24,,,,,,,,,,,,,2026-10-04,1
gk84kpbt4z,book,"I Want My Hat Back (The Hat Trilogy)","Jon Klassen",Jon,Klassen,"Isabel EN",9781536207576,1536207578,"A New York Times bestseller! ""A wonderful and astonishing thing, the kind of book that makes child laugh and adult chuckle, and both smile in appreciation. . . . Charmingly wicked."" -- The New York TimesA bear's hat is gone, and he wants it back. Patiently and politely, he asks the animals he comes across whether they have seen it. None of them have. Have you seen it? Jon Klassen's beloved tale plays out in sly illustrations brimming with visual humor -- and winks at us with a wry irreverence that will leave readers of all ages thrilled. Available at last in a board book format, this #1 New York Times bestseller is a true modern classic.","Candlewick Press (MA)",1900-01-01,,,,,32,,,,,,,,,,,,,2026-10-04,1
6m5cmb8dtk,book,"Peepo! (Board Book)","Allan Ahlberg, Janet Ahlberg",Allan,Ahlberg,"Isabel EN",9780141337425,0141337427,"Hardcover. Pub Date: 2011 Publisher: Puffin Peepo! Has become a classic for babies and TODDLERS It follows a baby through the day in a style full of wit. Charm and Ingenuity A Series of Holes peeping through to the next page leads the child on to the next stage in the day. giving a hint of what is to come. This is an original book that has long delighted young children - and their parents.",Puffin,2011-04-07,,,,,34,,,,,,,,,,,,,2026-10-04,1
dn9pnpu84s,book,"Brown Bear","Bill Martin Jr",Bill,Jr,"Isabel EN",9780805047905,0805047905,"No Brown Bear Read a customer review or write one .","Henry Holt & Company Inc",1999-10-02,,,,,24,,,,,,,,,,,,,2026-10-04,1
2gsuggtqtf,book,"What the Ladybird Heard on Holiday","Julia Donaldson, Lydia Monks",Julia,Donaldson,"Isabel EN",9781529082180,1529082188,"With a whole host of noisy zoo-animal characters to meet and even a cameo from the Queen, What the Ladybird Heard on Holiday is a fantastic rhyming adventure from stellar picture book partnership of Julia Donaldson and Lydia Monks.Those two bad men, Lanky Len and Hefty Hugh, are back! They may be in the city instead of the farm, but they haven't changed their thieving ways. In fact, they're even more ambitious. They're planning to steal a monkey from the zoo and use him to pinch the Queen's crown. Unfortunately for them, they don't know that a certain crime-busting ladybird is holidaying in the very same city . . . and she's got a good idea that will ensure the dastardly pair won't get away with it!Now available as a board book, this much-loved classic is perfect for young readers, with brilliant rhyming verse from Julia Donaldson, author of The Gruffalo, and bright, distinctive illustrations from award-winning illustrator, Lydia Monks.Enjoy more adventures with the clever little ladybird in What the Ladybird Heard, What the Ladybird Heard Next and What the Ladybird Heard at the Seaside.","Macmillan Children's Books",2022-04-14,,,,,30,,,,,,,,,,,,,2026-10-04,1
byokyjcho1,book,"The Snail and the Whale","Julia Donaldson, Axel Scheffler (Illustrator)",Julia,Donaldson,"Isabel EN",9781509830442,1509830448,"In this classic board book format with a fresh cover design, comes the thrilling tale of a tiny snail and a great big grey-blue humpback whale.""How I long to sail!"" said the tiny snail. One little snail longs to see the world and hitches a lift on the tail of an enormous whale. Together they go on an amazing journey, past icebergs and volcanoes, sharks and penguins, and the little snail feels so small in the vastness of the world. But when disaster strikes and the whale is beached in a bay, it's the tiny snail's big plan that saves the day. The Snail and the Whale is a delightful tale of adventure and friendship by the unparalleled picture-book partnership of Julia Donaldson and Axel Scheffler, creators of The Gruffalo. This handy board book format is perfect for younger readers. It features the classic story with a stunning redesigned cover and beautiful finish, making it a must-have for even the smallest Donaldson and Scheffler fans! Also available in board book format and with striking redesigned covers are: The Gruffalo, The Gruffalo's Child, Room on the Broom, The Smartest Giant in Town, Monkey Puzzle, Charlie Cook's Favourite Book, and A Squash and a Squeeze.","Pan Macmillan",2017-04-06,,,,,24,,,,,,,,,,,,,2026-10-04,1
6m5cmn8dtk,book,"That's Not My Kitten (Touchy-Feely Board Books)","Fiona Watt",Fiona,Watt,"Isabel EN",9780746071489,0746071485,"Fiona Watt That's Not My Kitten","Usborne Publishing Ltd",2006-03-28,,,,,10,,,,,,,,,,,,,2026-10-04,1
83vm3kohqc,book,"We're Going on a Bear Hunt","Michael Rosen",Michael,Rosen,"Isabel EN",9781406363074,1406363073,"We're going on a bear hunt. We're going to catch a big one. Will you come too? For a quarter of a century, readers have been swishy-swashying and splash-sploshing through this award-winning favourite. Follow and join in the family's excitement as they wade through the grass, splash through the river and squelch through the mud in search of a bear. What a surprise awaits them in the cave on the other side of the dark forest!","Walker Books",2015-10-01,,,,,36,,,,,,,,,,,,,2026-10-04,1
xzn1z2jps8,book,"Corduroy (Corduroy (Board Book))","Don Freeman",Don,Freeman,"Isabel EN",9780451470799,0451470796,"Don Freeman's classic character, Corduroy, is even more popular today then he was when he first came....","Viking Juvenile",2014-11-04,,,,,32,,,,,,,,,,,,,2026-10-04,1
83vm3hohqc,book,"A Flock of Gulls, A Chorus of Frogs: 6 (First West Coast Books, 6)","Roy Henry Vickers, Lucky Budd",Roy,Vickers,"Isabel EN",9781990776502,1990776507,"Learn fun names for animal groups of the West Coast with a sturdy board book featuring the illustrations of Indigenous artist Roy Henry Vickers.Bright blocks of color and tactile embossed pages bring the natural world of the wild West Coast to life—an engaging way to learn about collective nouns. Accompanied by a rhythmic, rhyming text, this board book will entertain babies, toddlers, and adults alike as they discover that orcas leap and dive in a pod, a bunch of sea lions are called a bob, geese make up a wedge, a swamp full of croaking frogs form a chorus, a jumble of jellies are called a bloom—and more!A Flock of Gulls, A Chorus of Frogs is a vibrant addition to this bestselling, award-winning First West Coast Book series, perfect for storytime and supporting language development in babies and toddlers.","Harbour Publishing",2024-10-31,,,,,24,,,,,,,,,,,,,2026-10-04,1
htq2tx19kq,book,"Blue Hat, Green Hat (Boynton Board Books (Simon & Schuster))","Sandra Boynton",Sandra,Boynton,"Isabel EN",9780671493202,0671493205,"Blue Hat, Green Hat Humorous animal characters introduce the basic colors and familiar items of clothing. On board pages. Full description","Simon & Schuster",2003-07-02,,,,,14,,,,,,,,,,,,,2026-10-04,1
lvx5vj7b9o,book,"Lyle, Lyle, Crocodile Board Book","Bernard Waber",Bernard,Waber,"Isabel EN",9780358272618,0358272610,"Everyone in the neighborhood loves Lyle the crocodile--except for a cranky neighbor and his nervous cat! Can lovable Lyle make everything right with his grumpy neighbors? ""America's favorite reptile."" --Booklist This classic is now available in a board book! Perfect for little hands and bright minds. Lyle, Lyle Crocodile lives with the Primm family in the house on East 88th Street in New York City. Lyle enjoys helping with chores, playing with the neighborhood kids, and entertaining them with headstands and backflips. He's the happiest crocodile any family ever had . . . until one neighbor insists that Lyle belongs in a zoo! Mr. Grumps and his cat, Loretta, don't like crocodiles, and everything Lyle does to win them over seems to go wrong. It will take all of Lyle's charm--and courage--to reveal the hero, and friend, behind the big, crocodile smile. The classic storybook has been gently abridged and the joyful, endearing artwork lightly colorized in the author's style in this edition for the youngest child.","HarperCollins Publishers",2020-09-29,,,,,22,,,,,,,,,,,,,2026-10-04,1
u46n4dgnz0,book,"Tales From Acorn Wood: Rabbit's Nap (Tales from Acorn Wood Board Bk)","Julia Donaldson",Julia,Donaldson,"Isabel EN",9781447273417,1447273419,"Join the birthday celebrations in Acorn Wood with four new 15th anniversary editions of the ever-popular Postman Bear, Fox's Socks, Hide-And-Seek Pig and Rabbit's Nap.Rabbit is trying to get to sleep, but everyone is being so noisy. Lift the flaps and find out who is keeping Rabbit awake! Will she ever have her nap?With sturdy flaps on every spread and rhyming stories that are a joy to read aloud, the Tales From Acorn Wood have been delighting both parents and toddlers for fifteen years. This year we celebrate their unending appeal with four beautifully produced board books and a fresh new cover look with shiny foil.From the award-winning creators of The Gruffalo.","Macmillan Children's Books",2015-01-01,,,,,12,,,,,,,,,,,,,2026-10-04,1
qfksvtwe4z,book,"West Coast Wild ABC: 5","Deborah Hodge, Karen Reczuch",Deborah,Hodge,"Isabel EN",9781773066219,1773066218,"Explore the wild and wonderful Pacific west coast from A to Z! Bears amble, cougars prowl and eagles nest in this beautiful nature alphabet book celebrating the Pacific west coast. Babies and toddlers will delight in the gorgeous watercolor illustrations and fascinating creatures that inhabit the ancient rainforest, rugged beach and majestic Pacific Ocean. Large upper and lowercase alphabet letters on each page encourage letter recognition. Key Text Featuresillustrations","Groundwood Books",2022-06-16,,,,,26,,,,,,,,,,,,,2026-10-04,1
5d10b4v9x4,book,"Moo, Baa, la la La!","Sandra Boynton (Illustrator), Kate Klimo (Editor)",Sandra,(Illustrator),"Isabel EN",9780671449018,067144901X,"This raucous story about the sounds animals make—including three pigs who say ""la la la!""—is just right for reading aloud. Serious silliness for all ages. Artist Sandra Boynton is back and better than ever with completely redrawn versions of her multi-million selling board books. These whimsical and hilarious books, featuring nontraditional texts and her famous animal characters, have been printed on thick board pages, and are sure to educate and entertain children of all ages.","Simon & Schuster, Incorporated",2003-07-02,,,,,14,,,,,,,,,,,,,2026-10-04,1
yha7sdr71h,book,Doggies,"Sandra Boynton (Illustrator)",Sandra,(Illustrator),"Isabel EN",9780671493189,0671493183,"Count--and bark--with a fun pack of pups in this Sandra Boynton classic. Serious silliness for all ages. Artist Sandra Boynton is back and better than ever with completely redrawn versions of her multi-million selling board books. These whimsical and hilarious books, featuring nontraditional texts and her famous animal characters, have been printed on thick board pages, and are sure to educate and entertain children of all ages.","Simon & Schuster, Incorporated",1984-10-11,,,,,14,,,,,,,,,,,,,2026-10-04,1
pwbq7gno7w,book,"Zog Gift Edition Board Book","Julia Donaldson",Julia,Donaldson,"Isabel EN",9781407164939,1407164937,"The bestselling picture book, ZOG, by Julia Donaldson and Axel Scheffler is now available as a sturdy board book with a hardback cover. Zog is the keenest dragon in school. He's also the most accident-prone, flying into trees and even setting his own wing on fire. Luckily, a mysterious little girl always comes by and patches up his bumps and bruises. But will she be able to help Zog with his toughest test: capturing a princess?","Scholastic Press",2016-03-03,,,,,32,,,,,,,,,,,,,2026-10-04,1
72jv67hd6e,book,"Peter Rabbit: A Christmas Wish","Beatrix Potter",Beatrix,Potter,"Isabel EN",9780241548110,024154811X,"It's Christmas Eve in the burrow! Find out if four little bunnies get their Christmas wish.","Puffin Books",2017-01-01,,,,,16,,,,,,,,,,,,,2026-10-04,1
aqgj7rpszh,book,"The Tale Of Peter Rabbit (BP 1-23)","Beatrix Potter",Beatrix,Potter,"Isabel EN",9780723247708,0723247706,"Beatrix Potter Tale Of Peter Rabbit The",Warne,2002-03-07,,,,,80,,,,,,,,,,,,,2026-10-04,1
u46njmgnz0,book,"The World of Peter Rabbit Collection - 23 Books (Hardback)","Beatrix Potter",Beatrix,Potter,"Isabel EN",9780723264552,0723264554,"The World of Peter Rabbit - The Complete Collection of Original Tales 1-23 Beatrix Potter","Frederick Warne",2002-01-01,,,,,,,,,,,,,,,,,,2026-10-04,1
